,BldRecNbr_RmNbr,FLOOR,bld_descr50,bldrecnbr,bldsegname,bldsegnbr,dept_descr,dept_grp,dept_grp_descr,dept_grp_vp_area,dept_grp_vp_area_descr,deptid,downloaddate,fiscal_year,geometry,provost_flag,rmnbr,rmrecnbr,rmsqrft,rmstationcnt,rmtyp,rmtyp_descr50,rmtypgrp,rmtypgrp_descr50
18753,10002211B09,01,EDUCATION SCHOOL OF,1000221,ED SCHL,00,Institutional Org,INST_ORG,Institutional Departments,INSTITUTIONAL ORG,Institutional Departments,000500,2016-08-22T04:00:02,2016,,N,1B09,2035265,89.0,0,030,Mechanical Area,98,Non-Assignable Area
18754,10002211B18,01,EDUCATION SCHOOL OF,1000221,ED SCHL,00,Institutional Org,INST_ORG,Institutional Departments,INSTITUTIONAL ORG,Institutional Departments,000500,2016-08-22T04:00:02,2016,,N,1B18,2035266,90.0,0,030,Mechanical Area,98,Non-Assignable Area
18755,10002211C09,01,EDUCATION SCHOOL OF,1000221,ED SCHL,00,Institutional Org,INST_ORG,Institutional Departments,INSTITUTIONAL ORG,Institutional Departments,000500,2016-08-22T04:00:02,2016,,N,1C09,2035268,458.0,0,020,Circulation Area,98,Non-Assignable Area
18756,10002211C11,01,EDUCATION SCHOOL OF,1000221,ED SCHL,00,Institutional Org,INST_ORG,Institutional Departments,INSTITUTIONAL ORG,Institutional Departments,000500,2016-08-22T04:00:02,2016,,N,1C11,2035269,3262.0,0,020,Circulation Area,98,Non-Assignable Area
18757,10002211103,01,EDUCATION SCHOOL OF,1000221,ED SCHL,00,School of Education,SCHOOL_EDUCATION,School of Education,PRVST_EXC_VP_ACA_AFF,Provost & Exec VP Academic Aff,405000,2016-08-22T04:00:02,2016,,N,1103,2035270,74.0,0,315,Office Service,03,Office Facilities
18758,10002211C15,01,EDUCATION SCHOOL OF,1000221,ED SCHL,00,School of Education,SCHOOL_EDUCATION,School of Education,PRVST_EXC_VP_ACA_AFF,Provost & Exec VP Academic Aff,405000,2016-08-22T04:00:02,2016,,N,1C15,2035271,105.0,0,315,Office Service,03,Office Facilities
18759,10002211C21,01,EDUCATION SCHOOL OF,1000221,ED SCHL,00,Institutional Org,INST_ORG,Institutional Departments,INSTITUTIONAL ORG,Institutional Departments,000500,2016-08-22T04:00:02,2016,,N,1C21,2035272,616.0,0,020,Circulation Area,98,Non-Assignable Area
18760,10002211C29,01,EDUCATION SCHOOL OF,1000221,ED SCHL,00,Institutional Org,INST_ORG,Institutional Departments,INSTITUTIONAL ORG,Institutional Departments,000500,2016-08-22T04:00:02,2016,,N,1C29,2035273,1945.0,0,020,Circulation Area,98,Non-Assignable Area
18761,10002211C31,01,EDUCATION SCHOOL OF,1000221,ED SCHL,00,Institutional Org,INST_ORG,Institutional Departments,INSTITUTIONAL ORG,Institutional Departments,000500,2016-08-22T04:00:02,2016,,N,1C31,2035274,2598.0,0,020,Circulation Area,98,Non-Assignable Area
18762,10002211C41,01,EDUCATION SCHOOL OF,1000221,ED SCHL,00,Institutional Org,INST_ORG,Institutional Departments,INSTITUTIONAL ORG,Institutional Departments,000500,2016-08-22T04:00:02,2016,,N,1C41,2035275,70.0,0,020,Circulation Area,98,Non-Assignable Area
18763,10002211C49,01,EDUCATION SCHOOL OF,1000221,ED SCHL,00,Institutional Org,INST_ORG,Institutional Departments,INSTITUTIONAL ORG,Institutional Departments,000500,2016-08-22T04:00:02,2016,,N,1C49,2035276,820.0,0,020,Circulation Area,98,Non-Assignable Area
18764,10002211E09,01,EDUCATION SCHOOL OF,1000221,ED SCHL,00,Institutional Org,INST_ORG,Institutional Departments,INSTITUTIONAL ORG,Institutional Departments,000500,2016-08-22T04:00:02,2016,,N,1E09,2035277,60.0,0,020,Circulation Area,98,Non-Assignable Area
18765,10002211E41,01,EDUCATION SCHOOL OF,1000221,ED SCHL,00,Institutional Org,INST_ORG,Institutional Departments,INSTITUTIONAL ORG,Institutional Departments,000500,2016-08-22T04:00:02,2016,,N,1E41,2035279,22.0,0,020,Circulation Area,98,Non-Assignable Area
18766,10002211F23,01,EDUCATION SCHOOL OF,1000221,ED SCHL,00,Institutional Org,INST_ORG,Institutional Departments,INSTITUTIONAL ORG,Institutional Departments,000500,2016-08-22T04:00:02,2016,,N,1F23,2035280,115.0,0,020,Circulation Area,98,Non-Assignable Area
18767,10002211F31,01,EDUCATION SCHOOL OF,1000221,ED SCHL,00,Institutional Org,INST_ORG,Institutional Departments,INSTITUTIONAL ORG,Institutional Departments,000500,2016-08-22T04:00:02,2016,,N,1F31,2035281,85.0,0,020,Circulation Area,98,Non-Assignable Area
18768,10002211F35,01,EDUCATION SCHOOL OF,1000221,ED SCHL,00,Institutional Org,INST_ORG,Institutional Departments,INSTITUTIONAL ORG,Institutional Departments,000500,2016-08-22T04:00:02,2016,,N,1F35,2035282,142.0,0,020,Circulation Area,98,Non-Assignable Area
18769,10002211F39,01,EDUCATION SCHOOL OF,1000221,ED SCHL,00,Institutional Org,INST_ORG,Institutional Departments,INSTITUTIONAL ORG,Institutional Departments,000500,2016-08-22T04:00:02,2016,,N,1F39,2035283,84.0,0,020,Circulation Area,98,Non-Assignable Area
18770,10002211L08,01,EDUCATION SCHOOL OF,1000221,ED SCHL,00,Institutional Org,INST_ORG,Institutional Departments,INSTITUTIONAL ORG,Institutional Departments,000500,2016-08-22T04:00:02,2016,,N,1L08,2035284,180.0,0,020,Circulation Area,98,Non-Assignable Area
18771,10002211L35,01,EDUCATION SCHOOL OF,1000221,ED SCHL,00,Institutional Org,INST_ORG,Institutional Departments,INSTITUTIONAL ORG,Institutional Departments,000500,2016-08-22T04:00:02,2016,,N,1L35,2035285,502.0,0,020,Circulation Area,98,Non-Assignable Area
18772,10002211S01,01,EDUCATION SCHOOL OF,1000221,ED SCHL,00,Institutional Org,INST_ORG,Institutional Departments,INSTITUTIONAL ORG,Institutional Departments,000500,2016-08-22T04:00:02,2016,,N,1S01,2035286,97.0,0,020,Circulation Area,98,Non-Assignable Area
18773,10002211S09,01,EDUCATION SCHOOL OF,1000221,ED SCHL,00,Institutional Org,INST_ORG,Institutional Departments,INSTITUTIONAL ORG,Institutional Departments,000500,2016-08-22T04:00:02,2016,,N,1S09,2035287,208.0,0,020,Circulation Area,98,Non-Assignable Area
18774,10002211S19,01,EDUCATION SCHOOL OF,1000221,ED SCHL,00,Institutional Org,INST_ORG,Institutional Departments,INSTITUTIONAL ORG,Institutional Departments,000500,2016-08-22T04:00:02,2016,,N,1S19,2035288,137.0,0,020,Circulation Area,98,Non-Assignable Area
18775,10002211S23,01,EDUCATION SCHOOL OF,1000221,ED SCHL,00,Institutional Org,INST_ORG,Institutional Departments,INSTITUTIONAL ORG,Institutional Departments,000500,2016-08-22T04:00:02,2016,,N,1S23,2035290,232.0,0,020,Circulation Area,98,Non-Assignable Area
18776,10002211S24,01,EDUCATION SCHOOL OF,1000221,ED SCHL,00,Institutional Org,INST_ORG,Institutional Departments,INSTITUTIONAL ORG,Institutional Departments,000500,2016-08-22T04:00:02,2016,,N,1S24,2035291,96.0,0,020,Circulation Area,98,Non-Assignable Area
18777,10002211S31,01,EDUCATION SCHOOL OF,1000221,ED SCHL,00,Institutional Org,INST_ORG,Institutional Departments,INSTITUTIONAL ORG,Institutional Departments,000500,2016-08-22T04:00:02,2016,,N,1S31,2035292,314.0,0,020,Circulation Area,98,Non-Assignable Area
18778,10002211S32,01,EDUCATION SCHOOL OF,1000221,ED SCHL,00,Institutional Org,INST_ORG,Institutional Departments,INSTITUTIONAL ORG,Institutional Departments,000500,2016-08-22T04:00:02,2016,,N,1S32,2035293,32.0,0,020,Circulation Area,98,Non-Assignable Area
18779,10002211S33,01,EDUCATION SCHOOL OF,1000221,ED SCHL,00,Institutional Org,INST_ORG,Institutional Departments,INSTITUTIONAL ORG,Institutional Departments,000500,2016-08-22T04:00:02,2016,,N,1S33,2035294,29.0,0,020,Circulation Area,98,Non-Assignable Area
18780,10002211S35,01,EDUCATION SCHOOL OF,1000221,ED SCHL,00,Institutional Org,INST_ORG,Institutional Departments,INSTITUTIONAL ORG,Institutional Departments,000500,2016-08-22T04:00:02,2016,,N,1S35,2035296,44.0,0,020,Circulation Area,98,Non-Assignable Area
18781,10002211S36,01,EDUCATION SCHOOL OF,1000221,ED SCHL,00,Institutional Org,INST_ORG,Institutional Departments,INSTITUTIONAL ORG,Institutional Departments,000500,2016-08-22T04:00:02,2016,,N,1S36,2035297,46.0,0,020,Circulation Area,98,Non-Assignable Area
18782,10002211S39,01,EDUCATION SCHOOL OF,1000221,ED SCHL,00,Institutional Org,INST_ORG,Institutional Departments,INSTITUTIONAL ORG,Institutional Departments,000500,2016-08-22T04:00:02,2016,,N,1S39,2035298,247.0,0,020,Circulation Area,98,Non-Assignable Area
18783,10002211S41,01,EDUCATION SCHOOL OF,1000221,ED SCHL,00,Institutional Org,INST_ORG,Institutional Departments,INSTITUTIONAL ORG,Institutional Departments,000500,2016-08-22T04:00:02,2016,,N,1S41,2035299,47.0,0,020,Circulation Area,98,Non-Assignable Area
18784,10002211S49,01,EDUCATION SCHOOL OF,1000221,ED SCHL,00,Institutional Org,INST_ORG,Institutional Departments,INSTITUTIONAL ORG,Institutional Departments,000500,2016-08-22T04:00:02,2016,,N,1S49,2035300,222.0,0,020,Circulation Area,98,Non-Assignable Area
18785,10002211V06,01,EDUCATION SCHOOL OF,1000221,ED SCHL,00,Institutional Org,INST_ORG,Institutional Departments,INSTITUTIONAL ORG,Institutional Departments,000500,2016-08-22T04:00:02,2016,,N,1V06,2035301,46.0,0,030,Mechanical Area,98,Non-Assignable Area
18786,10002211V09,01,EDUCATION SCHOOL OF,1000221,ED SCHL,00,Institutional Org,INST_ORG,Institutional Departments,INSTITUTIONAL ORG,Institutional Departments,000500,2016-08-22T04:00:02,2016,,N,1V09,2035302,64.0,0,030,Mechanical Area,98,Non-Assignable Area
18787,10002211V18,01,EDUCATION SCHOOL OF,1000221,ED SCHL,00,Institutional Org,INST_ORG,Institutional Departments,INSTITUTIONAL ORG,Institutional Departments,000500,2016-08-22T04:00:02,2016,,N,1V18,2035303,64.0,0,030,Mechanical Area,98,Non-Assignable Area
18788,10002211V20,01,EDUCATION SCHOOL OF,1000221,ED SCHL,00,Institutional Org,INST_ORG,Institutional Departments,INSTITUTIONAL ORG,Institutional Departments,000500,2016-08-22T04:00:02,2016,,N,1V20,2035304,28.0,0,030,Mechanical Area,98,Non-Assignable Area
18789,10002211V24,01,EDUCATION SCHOOL OF,1000221,ED SCHL,00,Institutional Org,INST_ORG,Institutional Departments,INSTITUTIONAL ORG,Institutional Departments,000500,2016-08-22T04:00:02,2016,,N,1V24,2035305,36.0,0,030,Mechanical Area,98,Non-Assignable Area
18790,10002211V32,01,EDUCATION SCHOOL OF,1000221,ED SCHL,00,Institutional Org,INST_ORG,Institutional Departments,INSTITUTIONAL ORG,Institutional Departments,000500,2016-08-22T04:00:02,2016,,N,1V32,2035306,76.0,0,030,Mechanical Area,98,Non-Assignable Area
18791,10002211V33,01,EDUCATION SCHOOL OF,1000221,ED SCHL,00,Institutional Org,INST_ORG,Institutional Departments,INSTITUTIONAL ORG,Institutional Departments,000500,2016-08-22T04:00:02,2016,,N,1V33,2035307,60.0,0,030,Mechanical Area,98,Non-Assignable Area
18792,10002211V40,01,EDUCATION SCHOOL OF,1000221,ED SCHL,00,Institutional Org,INST_ORG,Institutional Departments,INSTITUTIONAL ORG,Institutional Departments,000500,2016-08-22T04:00:02,2016,,N,1V40,2035308,21.0,0,030,Mechanical Area,98,Non-Assignable Area
18793,10002211001,01,EDUCATION SCHOOL OF,1000221,ED SCHL,00,School of Education,SCHOOL_EDUCATION,School of Education,PRVST_EXC_VP_ACA_AFF,Provost & Exec VP Academic Aff,405000,2016-08-22T04:00:02,2016,,N,1001,2035309,152.0,1,315,Office Service,03,Office Facilities
18794,10002211001A,01,EDUCATION SCHOOL OF,1000221,ED SCHL,00,School of Education,SCHOOL_EDUCATION,School of Education,PRVST_EXC_VP_ACA_AFF,Provost & Exec VP Academic Aff,405000,2016-08-22T04:00:02,2016,,N,1001A,2035310,113.0,1,315,Office Service,03,Office Facilities
18795,10002211001B,01,EDUCATION SCHOOL OF,1000221,ED SCHL,00,School of Education,SCHOOL_EDUCATION,School of Education,PRVST_EXC_VP_ACA_AFF,Provost & Exec VP Academic Aff,405000,2016-08-22T04:00:02,2016,,N,1001B,2035311,139.0,1,310,Office,03,Office Facilities
18796,10002211001C,01,EDUCATION SCHOOL OF,1000221,ED SCHL,00,School of Education,SCHOOL_EDUCATION,School of Education,PRVST_EXC_VP_ACA_AFF,Provost & Exec VP Academic Aff,405000,2016-08-22T04:00:02,2016,,N,1001C,2035312,147.0,1,310,Office,03,Office Facilities
18797,10002211001D,01,EDUCATION SCHOOL OF,1000221,ED SCHL,00,School of Education,SCHOOL_EDUCATION,School of Education,PRVST_EXC_VP_ACA_AFF,Provost & Exec VP Academic Aff,405000,2016-08-22T04:00:02,2016,,N,1001D,2035313,227.0,1,310,Office,03,Office Facilities
18798,10002211002,01,EDUCATION SCHOOL OF,1000221,ED SCHL,00,School of Education,SCHOOL_EDUCATION,School of Education,PRVST_EXC_VP_ACA_AFF,Provost & Exec VP Academic Aff,405000,2016-08-22T04:00:02,2016,,N,1002,2035314,111.0,0,315,Office Service,03,Office Facilities
18799,10002211002A,01,EDUCATION SCHOOL OF,1000221,ED SCHL,00,School of Education,SCHOOL_EDUCATION,School of Education,PRVST_EXC_VP_ACA_AFF,Provost & Exec VP Academic Aff,405000,2016-08-22T04:00:02,2016,,N,1002A,2035315,152.0,1,310,Office,03,Office Facilities
18800,10002211002B,01,EDUCATION SCHOOL OF,1000221,ED SCHL,00,School of Education,SCHOOL_EDUCATION,School of Education,PRVST_EXC_VP_ACA_AFF,Provost & Exec VP Academic Aff,405000,2016-08-22T04:00:02,2016,,N,1002B,2035316,370.0,1,315,Office Service,03,Office Facilities
18801,10002211002C,01,EDUCATION SCHOOL OF,1000221,ED SCHL,00,School of Education,SCHOOL_EDUCATION,School of Education,PRVST_EXC_VP_ACA_AFF,Provost & Exec VP Academic Aff,405000,2016-08-22T04:00:02,2016,,N,1002C,2035317,78.0,0,315,Office Service,03,Office Facilities
18802,10002211002D,01,EDUCATION SCHOOL OF,1000221,ED SCHL,00,School of Education,SCHOOL_EDUCATION,School of Education,PRVST_EXC_VP_ACA_AFF,Provost & Exec VP Academic Aff,405000,2016-08-22T04:00:02,2016,,N,1002D,2035318,77.0,0,315,Office Service,03,Office Facilities
18803,10002211004T,01,EDUCATION SCHOOL OF,1000221,ED SCHL,00,Institutional Org,INST_ORG,Institutional Departments,INSTITUTIONAL ORG,Institutional Departments,000500,2016-08-22T04:00:02,2016,,N,1004T,2035319,190.0,0,040,Public Restrooms,98,Non-Assignable Area
18804,10002211005,01,EDUCATION SCHOOL OF,1000221,ED SCHL,00,School of Education,SCHOOL_EDUCATION,School of Education,PRVST_EXC_VP_ACA_AFF,Provost & Exec VP Academic Aff,405000,2016-08-22T04:00:02,2016,,N,1005,2035320,2261.0,11,310,Office,03,Office Facilities
18805,10002211006J,01,EDUCATION SCHOOL OF,1000221,ED SCHL,00,Institutional Org,INST_ORG,Institutional Departments,INSTITUTIONAL ORG,Institutional Departments,000500,2016-08-22T04:00:02,2016,,N,1006J,2035321,53.0,0,010,Custodial Area,98,Non-Assignable Area
18806,10002211007,01,EDUCATION SCHOOL OF,1000221,ED SCHL,00,Institutional Org,INST_ORG,Institutional Departments,INSTITUTIONAL ORG,Institutional Departments,000500,2016-08-22T04:00:02,2016,,N,1007,2035322,202.0,0,030,Mechanical Area,98,Non-Assignable Area
18807,10002211033,01,EDUCATION SCHOOL OF,1000221,ED SCHL,00,School of Education,SCHOOL_EDUCATION,School of Education,PRVST_EXC_VP_ACA_AFF,Provost & Exec VP Academic Aff,405000,2016-08-22T04:00:02,2016,,N,1033,2035338,1227.0,3,315,Office Service,03,Office Facilities
18808,10002211034,01,EDUCATION SCHOOL OF,1000221,ED SCHL,00,School of Education,SCHOOL_EDUCATION,School of Education,PRVST_EXC_VP_ACA_AFF,Provost & Exec VP Academic Aff,405000,2016-08-22T04:00:02,2016,,N,1034,2035339,237.0,8,350,Conference Room,03,Office Facilities
18809,10002211036,01,EDUCATION SCHOOL OF,1000221,ED SCHL,00,School of Education,SCHOOL_EDUCATION,School of Education,PRVST_EXC_VP_ACA_AFF,Provost & Exec VP Academic Aff,405000,2016-08-22T04:00:02,2016,,N,1036,2035340,430.0,2,310,Office,03,Office Facilities
18810,10002211038,01,EDUCATION SCHOOL OF,1000221,ED SCHL,00,School of Education,SCHOOL_EDUCATION,School of Education,PRVST_EXC_VP_ACA_AFF,Provost & Exec VP Academic Aff,405000,2016-08-22T04:00:02,2016,,N,1038,2035341,171.0,1,310,Office,03,Office Facilities
18811,10002211042,01,EDUCATION SCHOOL OF,1000221,ED SCHL,00,School of Education,SCHOOL_EDUCATION,School of Education,PRVST_EXC_VP_ACA_AFF,Provost & Exec VP Academic Aff,405000,2016-08-22T04:00:02,2016,,N,1042,2035342,144.0,1,310,Office,03,Office Facilities
18812,10002211046,01,EDUCATION SCHOOL OF,1000221,ED SCHL,00,School of Education,SCHOOL_EDUCATION,School of Education,PRVST_EXC_VP_ACA_AFF,Provost & Exec VP Academic Aff,405000,2016-08-22T04:00:02,2016,,N,1046,2035343,169.0,1,310,Office,03,Office Facilities
18813,10002211050,01,EDUCATION SCHOOL OF,1000221,ED SCHL,00,School of Education,SCHOOL_EDUCATION,School of Education,PRVST_EXC_VP_ACA_AFF,Provost & Exec VP Academic Aff,405000,2016-08-22T04:00:02,2016,,N,1050,2035344,144.0,1,310,Office,03,Office Facilities
18814,10002211056,01,EDUCATION SCHOOL OF,1000221,ED SCHL,00,School of Education,SCHOOL_EDUCATION,School of Education,PRVST_EXC_VP_ACA_AFF,Provost & Exec VP Academic Aff,405000,2016-08-22T04:00:02,2016,,N,1056,2035346,14.0,0,315,Office Service,03,Office Facilities
18815,10002211058,01,EDUCATION SCHOOL OF,1000221,ED SCHL,00,School of Education,SCHOOL_EDUCATION,School of Education,PRVST_EXC_VP_ACA_AFF,Provost & Exec VP Academic Aff,405000,2016-08-22T04:00:02,2016,,N,1058,2035347,73.0,0,315,Office Service,03,Office Facilities
18816,10002211102,01,EDUCATION SCHOOL OF,1000221,ED SCHL,00,School of Education,SCHOOL_EDUCATION,School of Education,PRVST_EXC_VP_ACA_AFF,Provost & Exec VP Academic Aff,405000,2016-08-22T04:00:02,2016,,N,1102,2035348,313.0,1,310,Office,03,Office Facilities
18817,10002211108,01,EDUCATION SCHOOL OF,1000221,ED SCHL,00,School of Education,SCHOOL_EDUCATION,School of Education,PRVST_EXC_VP_ACA_AFF,Provost & Exec VP Academic Aff,405000,2016-08-22T04:00:02,2016,,N,1108,2035349,245.0,2,310,Office,03,Office Facilities
18818,10002211110,01,EDUCATION SCHOOL OF,1000221,ED SCHL,00,School of Education,SCHOOL_EDUCATION,School of Education,PRVST_EXC_VP_ACA_AFF,Provost & Exec VP Academic Aff,405000,2016-08-22T04:00:02,2016,,N,1110,2035350,823.0,4,310,Office,03,Office Facilities
18819,10002211110A,01,EDUCATION SCHOOL OF,1000221,ED SCHL,00,School of Education,SCHOOL_EDUCATION,School of Education,PRVST_EXC_VP_ACA_AFF,Provost & Exec VP Academic Aff,405000,2016-08-22T04:00:02,2016,,N,1110A,2035351,232.0,1,310,Office,03,Office Facilities
18820,10002211110B,01,EDUCATION SCHOOL OF,1000221,ED SCHL,00,School of Education,SCHOOL_EDUCATION,School of Education,PRVST_EXC_VP_ACA_AFF,Provost & Exec VP Academic Aff,405000,2016-08-22T04:00:02,2016,,N,1110B,2035352,232.0,1,310,Office,03,Office Facilities
18821,10002211110C,01,EDUCATION SCHOOL OF,1000221,ED SCHL,00,School of Education,SCHOOL_EDUCATION,School of Education,PRVST_EXC_VP_ACA_AFF,Provost & Exec VP Academic Aff,405000,2016-08-22T04:00:02,2016,,N,1110C,2035353,52.0,0,315,Office Service,03,Office Facilities
18822,10002211111,01,EDUCATION SCHOOL OF,1000221,ED SCHL,00,School of Education,SCHOOL_EDUCATION,School of Education,PRVST_EXC_VP_ACA_AFF,Provost & Exec VP Academic Aff,405000,2016-08-22T04:00:02,2016,,N,1111,2035354,568.0,1,315,Office Service,03,Office Facilities
18823,10002211111A,01,EDUCATION SCHOOL OF,1000221,ED SCHL,00,School of Education,SCHOOL_EDUCATION,School of Education,PRVST_EXC_VP_ACA_AFF,Provost & Exec VP Academic Aff,405000,2016-08-22T04:00:02,2016,,N,1111A,2035355,219.0,1,310,Office,03,Office Facilities
18824,10002211111B,01,EDUCATION SCHOOL OF,1000221,ED SCHL,00,School of Education,SCHOOL_EDUCATION,School of Education,PRVST_EXC_VP_ACA_AFF,Provost & Exec VP Academic Aff,405000,2016-08-22T04:00:02,2016,,N,1111B,2035356,180.0,1,310,Office,03,Office Facilities
18825,10002211111C,01,EDUCATION SCHOOL OF,1000221,ED SCHL,00,School of Education,SCHOOL_EDUCATION,School of Education,PRVST_EXC_VP_ACA_AFF,Provost & Exec VP Academic Aff,405000,2016-08-22T04:00:02,2016,,N,1111C,2035357,180.0,1,310,Office,03,Office Facilities
18826,10002211123A,01,EDUCATION SCHOOL OF,1000221,ED SCHL,00,School of Education,SCHOOL_EDUCATION,School of Education,PRVST_EXC_VP_ACA_AFF,Provost & Exec VP Academic Aff,405000,2016-08-22T04:00:02,2016,,N,1123A,2035358,218.0,0,315,Office Service,03,Office Facilities
18827,10002211123B,01,EDUCATION SCHOOL OF,1000221,ED SCHL,00,School of Education,SCHOOL_EDUCATION,School of Education,PRVST_EXC_VP_ACA_AFF,Provost & Exec VP Academic Aff,405000,2016-08-22T04:00:02,2016,,N,1123B,2035359,182.0,1,310,Office,03,Office Facilities
18828,10002211123C,01,EDUCATION SCHOOL OF,1000221,ED SCHL,00,School of Education,SCHOOL_EDUCATION,School of Education,PRVST_EXC_VP_ACA_AFF,Provost & Exec VP Academic Aff,405000,2016-08-22T04:00:02,2016,,N,1123C,2035360,205.0,1,310,Office,03,Office Facilities
18829,10002211123D,01,EDUCATION SCHOOL OF,1000221,ED SCHL,00,School of Education,SCHOOL_EDUCATION,School of Education,PRVST_EXC_VP_ACA_AFF,Provost & Exec VP Academic Aff,405000,2016-08-22T04:00:02,2016,,N,1123D,2035361,142.0,0,315,Office Service,03,Office Facilities
18830,10002211124,01,EDUCATION SCHOOL OF,1000221,ED SCHL,00,School of Education,SCHOOL_EDUCATION,School of Education,PRVST_EXC_VP_ACA_AFF,Provost & Exec VP Academic Aff,405000,2016-08-22T04:00:02,2016,,N,1124,2035363,315.0,1,310,Office,03,Office Facilities
18831,10002211124A,01,EDUCATION SCHOOL OF,1000221,ED SCHL,00,School of Education,SCHOOL_EDUCATION,School of Education,PRVST_EXC_VP_ACA_AFF,Provost & Exec VP Academic Aff,405000,2016-08-22T04:00:02,2016,,N,1124A,2035364,25.0,0,315,Office Service,03,Office Facilities
18832,10002211201T,01,EDUCATION SCHOOL OF,1000221,ED SCHL,00,Institutional Org,INST_ORG,Institutional Departments,INSTITUTIONAL ORG,Institutional Departments,000500,2016-08-22T04:00:02,2016,,N,1201T,2035365,189.0,0,040,Public Restrooms,98,Non-Assignable Area
18833,10002211202,01,EDUCATION SCHOOL OF,1000221,ED SCHL,00,School of Education,SCHOOL_EDUCATION,School of Education,PRVST_EXC_VP_ACA_AFF,Provost & Exec VP Academic Aff,405000,2016-08-22T04:00:02,2016,,N,1202,2035366,2237.0,236,110,Classroom,01,Classroom Facilities
18834,10002211203J,01,EDUCATION SCHOOL OF,1000221,ED SCHL,00,Institutional Org,INST_ORG,Institutional Departments,INSTITUTIONAL ORG,Institutional Departments,000500,2016-08-22T04:00:02,2016,,N,1203J,2035367,55.0,0,010,Custodial Area,98,Non-Assignable Area
18835,10002211211,01,EDUCATION SCHOOL OF,1000221,ED SCHL,00,School of Education,SCHOOL_EDUCATION,School of Education,PRVST_EXC_VP_ACA_AFF,Provost & Exec VP Academic Aff,405000,2016-08-22T04:00:02,2016,,N,1211,2035368,688.0,23,350,Conference Room,03,Office Facilities
18836,10002211214C,01,EDUCATION SCHOOL OF,1000221,ED SCHL,00,Institutional Org,INST_ORG,Institutional Departments,INSTITUTIONAL ORG,Institutional Departments,000500,2016-08-22T04:00:02,2016,,N,1214C,2035372,43.0,0,030,Mechanical Area,98,Non-Assignable Area
18837,10002211213,01,EDUCATION SCHOOL OF,1000221,ED SCHL,00,School of Education,SCHOOL_EDUCATION,School of Education,PRVST_EXC_VP_ACA_AFF,Provost & Exec VP Academic Aff,405000,2016-08-22T04:00:02,2016,,N,1213,2035373,115.0,1,310,Office,03,Office Facilities
18838,10002211217,01,EDUCATION SCHOOL OF,1000221,ED SCHL,00,School of Education,SCHOOL_EDUCATION,School of Education,PRVST_EXC_VP_ACA_AFF,Provost & Exec VP Academic Aff,405000,2016-08-22T04:00:02,2016,,N,1217,2035374,145.0,1,310,Office,03,Office Facilities
18839,10002211221,01,EDUCATION SCHOOL OF,1000221,ED SCHL,00,School of Education,SCHOOL_EDUCATION,School of Education,PRVST_EXC_VP_ACA_AFF,Provost & Exec VP Academic Aff,405000,2016-08-22T04:00:02,2016,,N,1221,2035375,112.0,1,310,Office,03,Office Facilities
18840,10002211221A,01,EDUCATION SCHOOL OF,1000221,ED SCHL,00,School of Education,SCHOOL_EDUCATION,School of Education,PRVST_EXC_VP_ACA_AFF,Provost & Exec VP Academic Aff,405000,2016-08-22T04:00:02,2016,,N,1221A,2035376,243.0,5,315,Office Service,03,Office Facilities
18841,10002211225,01,EDUCATION SCHOOL OF,1000221,ED SCHL,00,School of Education,SCHOOL_EDUCATION,School of Education,PRVST_EXC_VP_ACA_AFF,Provost & Exec VP Academic Aff,405000,2016-08-22T04:00:02,2016,,N,1225,2035377,561.0,2,310,Office,03,Office Facilities
18842,10002211225B,01,EDUCATION SCHOOL OF,1000221,ED SCHL,00,School of Education,SCHOOL_EDUCATION,School of Education,PRVST_EXC_VP_ACA_AFF,Provost & Exec VP Academic Aff,405000,2016-08-22T04:00:02,2016,,N,1225B,2035378,141.0,1,310,Office,03,Office Facilities
18843,10002211225C,01,EDUCATION SCHOOL OF,1000221,ED SCHL,00,School of Education,SCHOOL_EDUCATION,School of Education,PRVST_EXC_VP_ACA_AFF,Provost & Exec VP Academic Aff,405000,2016-08-22T04:00:02,2016,,N,1225C,2035379,150.0,4,310,Office,03,Office Facilities
18844,10002211225D,01,EDUCATION SCHOOL OF,1000221,ED SCHL,00,School of Education,SCHOOL_EDUCATION,School of Education,PRVST_EXC_VP_ACA_AFF,Provost & Exec VP Academic Aff,405000,2016-08-22T04:00:02,2016,,N,1225D,2035380,30.0,0,315,Office Service,03,Office Facilities
18845,10002211225E,01,EDUCATION SCHOOL OF,1000221,ED SCHL,00,School of Education,SCHOOL_EDUCATION,School of Education,PRVST_EXC_VP_ACA_AFF,Provost & Exec VP Academic Aff,405000,2016-08-22T04:00:02,2016,,N,1225E,2035381,4.0,0,315,Office Service,03,Office Facilities
18846,10002211225F,01,EDUCATION SCHOOL OF,1000221,ED SCHL,00,School of Education,SCHOOL_EDUCATION,School of Education,PRVST_EXC_VP_ACA_AFF,Provost & Exec VP Academic Aff,405000,2016-08-22T04:00:02,2016,,N,1225F,2035382,6.0,0,315,Office Service,03,Office Facilities
18847,10002211227,01,EDUCATION SCHOOL OF,1000221,ED SCHL,00,School of Education,SCHOOL_EDUCATION,School of Education,PRVST_EXC_VP_ACA_AFF,Provost & Exec VP Academic Aff,405000,2016-08-22T04:00:02,2016,,N,1227,2035383,184.0,0,315,Office Service,03,Office Facilities
18848,10002211227A,01,EDUCATION SCHOOL OF,1000221,ED SCHL,00,School of Education,SCHOOL_EDUCATION,School of Education,PRVST_EXC_VP_ACA_AFF,Provost & Exec VP Academic Aff,405000,2016-08-22T04:00:02,2016,,N,1227A,2035384,26.0,0,315,Office Service,03,Office Facilities
18849,10002211227C,01,EDUCATION SCHOOL OF,1000221,ED SCHL,00,School of Education,SCHOOL_EDUCATION,School of Education,PRVST_EXC_VP_ACA_AFF,Provost & Exec VP Academic Aff,405000,2016-08-22T04:00:02,2016,,N,1227C,2035385,162.0,1,315,Office Service,03,Office Facilities
18850,10002211228,01,EDUCATION SCHOOL OF,1000221,ED SCHL,00,School of Education,SCHOOL_EDUCATION,School of Education,PRVST_EXC_VP_ACA_AFF,Provost & Exec VP Academic Aff,405000,2016-08-22T04:00:02,2016,,N,1228,2035386,755.0,0,315,Office Service,03,Office Facilities
18851,10002211228R,01,EDUCATION SCHOOL OF,1000221,ED SCHL,00,School of Education,SCHOOL_EDUCATION,School of Education,PRVST_EXC_VP_ACA_AFF,Provost & Exec VP Academic Aff,405000,2016-08-22T04:00:02,2016,,N,1228R,2035389,120.0,1,310,Office,03,Office Facilities
18852,10002211228Q,01,EDUCATION SCHOOL OF,1000221,ED SCHL,00,School of Education,SCHOOL_EDUCATION,School of Education,PRVST_EXC_VP_ACA_AFF,Provost & Exec VP Academic Aff,405000,2016-08-22T04:00:02,2016,,N,1228Q,2035390,111.0,1,310,Office,03,Office Facilities
18853,10002211228P,01,EDUCATION SCHOOL OF,1000221,ED SCHL,00,School of Education,SCHOOL_EDUCATION,School of Education,PRVST_EXC_VP_ACA_AFF,Provost & Exec VP Academic Aff,405000,2016-08-22T04:00:02,2016,,N,1228P,2035391,104.0,1,310,Office,03,Office Facilities
18854,10002211228O,01,EDUCATION SCHOOL OF,1000221,ED SCHL,00,School of Education,SCHOOL_EDUCATION,School of Education,PRVST_EXC_VP_ACA_AFF,Provost & Exec VP Academic Aff,405000,2016-08-22T04:00:02,2016,,N,1228O,2035392,127.0,1,310,Office,03,Office Facilities
18855,10002211228N,01,EDUCATION SCHOOL OF,1000221,ED SCHL,00,School of Education,SCHOOL_EDUCATION,School of Education,PRVST_EXC_VP_ACA_AFF,Provost & Exec VP Academic Aff,405000,2016-08-22T04:00:02,2016,,N,1228N,2035393,104.0,1,310,Office,03,Office Facilities
18856,10002211228L,01,EDUCATION SCHOOL OF,1000221,ED SCHL,00,School of Education,SCHOOL_EDUCATION,School of Education,PRVST_EXC_VP_ACA_AFF,Provost & Exec VP Academic Aff,405000,2016-08-22T04:00:02,2016,,N,1228L,2035394,91.0,1,310,Office,03,Office Facilities
18857,10002211228K,01,EDUCATION SCHOOL OF,1000221,ED SCHL,00,School of Education,SCHOOL_EDUCATION,School of Education,PRVST_EXC_VP_ACA_AFF,Provost & Exec VP Academic Aff,405000,2016-08-22T04:00:02,2016,,N,1228K,2035395,150.0,1,310,Office,03,Office Facilities
18858,10002211228J,01,EDUCATION SCHOOL OF,1000221,ED SCHL,00,School of Education,SCHOOL_EDUCATION,School of Education,PRVST_EXC_VP_ACA_AFF,Provost & Exec VP Academic Aff,405000,2016-08-22T04:00:02,2016,,N,1228J,2035396,99.0,1,310,Office,03,Office Facilities
18859,10002211228H,01,EDUCATION SCHOOL OF,1000221,ED SCHL,00,School of Education,SCHOOL_EDUCATION,School of Education,PRVST_EXC_VP_ACA_AFF,Provost & Exec VP Academic Aff,405000,2016-08-22T04:00:02,2016,,N,1228H,2035397,90.0,1,310,Office,03,Office Facilities
18860,10002211228G,01,EDUCATION SCHOOL OF,1000221,ED SCHL,00,School of Education,SCHOOL_EDUCATION,School of Education,PRVST_EXC_VP_ACA_AFF,Provost & Exec VP Academic Aff,405000,2016-08-22T04:00:02,2016,,N,1228G,2035399,90.0,1,310,Office,03,Office Facilities
18861,10002211229A,01,EDUCATION SCHOOL OF,1000221,ED SCHL,00,School of Education,SCHOOL_EDUCATION,School of Education,PRVST_EXC_VP_ACA_AFF,Provost & Exec VP Academic Aff,405000,2016-08-22T04:00:02,2016,,N,1229A,2035407,419.0,0,315,Office Service,03,Office Facilities
18862,10002211240J,01,EDUCATION SCHOOL OF,1000221,ED SCHL,00,Institutional Org,INST_ORG,Institutional Departments,INSTITUTIONAL ORG,Institutional Departments,000500,2016-08-22T04:00:02,2016,,N,1240J,2035408,34.0,0,010,Custodial Area,98,Non-Assignable Area
18863,10002211301T,01,EDUCATION SCHOOL OF,1000221,ED SCHL,00,Institutional Org,INST_ORG,Institutional Departments,INSTITUTIONAL ORG,Institutional Departments,000500,2016-08-22T04:00:02,2016,,N,1301T,2035409,196.0,0,040,Public Restrooms,98,Non-Assignable Area
18864,10002211302,01,EDUCATION SCHOOL OF,1000221,ED SCHL,00,School of Education,SCHOOL_EDUCATION,School of Education,PRVST_EXC_VP_ACA_AFF,Provost & Exec VP Academic Aff,405000,2016-08-22T04:00:02,2016,,N,1302,2035410,595.0,0,315,Office Service,03,Office Facilities
18865,10002211302A,01,EDUCATION SCHOOL OF,1000221,ED SCHL,00,School of Education,SCHOOL_EDUCATION,School of Education,PRVST_EXC_VP_ACA_AFF,Provost & Exec VP Academic Aff,405000,2016-08-22T04:00:02,2016,,N,1302A,2035411,131.0,1,310,Office,03,Office Facilities
18866,10002211302B,01,EDUCATION SCHOOL OF,1000221,ED SCHL,00,School of Education,SCHOOL_EDUCATION,School of Education,PRVST_EXC_VP_ACA_AFF,Provost & Exec VP Academic Aff,405000,2016-08-22T04:00:02,2016,,N,1302B,2035412,180.0,1,310,Office,03,Office Facilities
18867,10002211302C,01,EDUCATION SCHOOL OF,1000221,ED SCHL,00,School of Education,SCHOOL_EDUCATION,School of Education,PRVST_EXC_VP_ACA_AFF,Provost & Exec VP Academic Aff,405000,2016-08-22T04:00:02,2016,,N,1302C,2035413,150.0,1,310,Office,03,Office Facilities
18868,10002211302D,01,EDUCATION SCHOOL OF,1000221,ED SCHL,00,School of Education,SCHOOL_EDUCATION,School of Education,PRVST_EXC_VP_ACA_AFF,Provost & Exec VP Academic Aff,405000,2016-08-22T04:00:02,2016,,N,1302D,2035414,150.0,1,310,Office,03,Office Facilities
18869,10002211302E,01,EDUCATION SCHOOL OF,1000221,ED SCHL,00,School of Education,SCHOOL_EDUCATION,School of Education,PRVST_EXC_VP_ACA_AFF,Provost & Exec VP Academic Aff,405000,2016-08-22T04:00:02,2016,,N,1302E,2035415,125.0,1,310,Office,03,Office Facilities
18870,10002211302F,01,EDUCATION SCHOOL OF,1000221,ED SCHL,00,School of Education,SCHOOL_EDUCATION,School of Education,PRVST_EXC_VP_ACA_AFF,Provost & Exec VP Academic Aff,405000,2016-08-22T04:00:02,2016,,N,1302F,2035416,137.0,1,310,Office,03,Office Facilities
18871,10002211302G,01,EDUCATION SCHOOL OF,1000221,ED SCHL,00,School of Education,SCHOOL_EDUCATION,School of Education,PRVST_EXC_VP_ACA_AFF,Provost & Exec VP Academic Aff,405000,2016-08-22T04:00:02,2016,,N,1302G,2035417,9.0,0,315,Office Service,03,Office Facilities
18872,10002211302H,01,EDUCATION SCHOOL OF,1000221,ED SCHL,00,School of Education,SCHOOL_EDUCATION,School of Education,PRVST_EXC_VP_ACA_AFF,Provost & Exec VP Academic Aff,405000,2016-08-22T04:00:02,2016,,N,1302H,2035418,6.0,0,315,Office Service,03,Office Facilities
18873,10002211316,01,EDUCATION SCHOOL OF,1000221,ED SCHL,00,School of Education,SCHOOL_EDUCATION,School of Education,PRVST_EXC_VP_ACA_AFF,Provost & Exec VP Academic Aff,405000,2016-08-22T04:00:02,2016,,N,1316,2035420,217.0,1,310,Office,03,Office Facilities
18874,10002211316A,01,EDUCATION SCHOOL OF,1000221,ED SCHL,00,School of Education,SCHOOL_EDUCATION,School of Education,PRVST_EXC_VP_ACA_AFF,Provost & Exec VP Academic Aff,405000,2016-08-22T04:00:02,2016,,N,1316A,2035421,14.0,0,715,Central Computer/Telecom Service,07,Support Facilities
18875,10002211316B,01,EDUCATION SCHOOL OF,1000221,ED SCHL,00,School of Education,SCHOOL_EDUCATION,School of Education,PRVST_EXC_VP_ACA_AFF,Provost & Exec VP Academic Aff,405000,2016-08-22T04:00:02,2016,,N,1316B,2035422,30.0,0,315,Office Service,03,Office Facilities
18876,10002211318,01,EDUCATION SCHOOL OF,1000221,ED SCHL,00,Institutional Org,INST_ORG,Institutional Departments,INSTITUTIONAL ORG,Institutional Departments,000500,2016-08-22T04:00:02,2016,,N,1318,2035423,55.0,0,010,Custodial Area,98,Non-Assignable Area
18877,10002211321T,01,EDUCATION SCHOOL OF,1000221,ED SCHL,00,Institutional Org,INST_ORG,Institutional Departments,INSTITUTIONAL ORG,Institutional Departments,000500,2016-08-22T04:00:02,2016,,N,1321T,2035424,255.0,0,040,Public Restrooms,98,Non-Assignable Area
18878,10002211322,01,EDUCATION SCHOOL OF,1000221,ED SCHL,00,School of Education,SCHOOL_EDUCATION,School of Education,PRVST_EXC_VP_ACA_AFF,Provost & Exec VP Academic Aff,405000,2016-08-22T04:00:02,2016,,N,1322,2035425,1346.0,40,350,Conference Room,03,Office Facilities
18879,10002211323,01,EDUCATION SCHOOL OF,1000221,ED SCHL,00,School of Education,SCHOOL_EDUCATION,School of Education,PRVST_EXC_VP_ACA_AFF,Provost & Exec VP Academic Aff,405000,2016-08-22T04:00:02,2016,,N,1323,2035429,662.0,2,310,Office,03,Office Facilities
18880,10002211323A,01,EDUCATION SCHOOL OF,1000221,ED SCHL,00,School of Education,SCHOOL_EDUCATION,School of Education,PRVST_EXC_VP_ACA_AFF,Provost & Exec VP Academic Aff,405000,2016-08-22T04:00:02,2016,,N,1323A,2035430,163.0,1,310,Office,03,Office Facilities
18881,10002211323B,01,EDUCATION SCHOOL OF,1000221,ED SCHL,00,School of Education,SCHOOL_EDUCATION,School of Education,PRVST_EXC_VP_ACA_AFF,Provost & Exec VP Academic Aff,405000,2016-08-22T04:00:02,2016,,N,1323B,2035431,146.0,6,350,Conference Room,03,Office Facilities
18882,10002211323C,01,EDUCATION SCHOOL OF,1000221,ED SCHL,00,School of Education,SCHOOL_EDUCATION,School of Education,PRVST_EXC_VP_ACA_AFF,Provost & Exec VP Academic Aff,405000,2016-08-22T04:00:02,2016,,N,1323C,2035432,9.0,0,315,Office Service,03,Office Facilities
18883,10002211323D,01,EDUCATION SCHOOL OF,1000221,ED SCHL,00,School of Education,SCHOOL_EDUCATION,School of Education,PRVST_EXC_VP_ACA_AFF,Provost & Exec VP Academic Aff,405000,2016-08-22T04:00:02,2016,,N,1323D,2035433,9.0,0,315,Office Service,03,Office Facilities
18884,10002211C31DC2,01,EDUCATION SCHOOL OF,1000221,ED SCHL,00,School of Education,SCHOOL_EDUCATION,School of Education,PRVST_EXC_VP_ACA_AFF,Provost & Exec VP Academic Aff,405000,2016-08-22T04:00:02,2016,,N,1C31DC2,2035434,4.0,0,315,Office Service,03,Office Facilities
18885,10002211C31DC3,01,EDUCATION SCHOOL OF,1000221,ED SCHL,00,School of Education,SCHOOL_EDUCATION,School of Education,PRVST_EXC_VP_ACA_AFF,Provost & Exec VP Academic Aff,405000,2016-08-22T04:00:02,2016,,N,1C31DC3,2035435,4.0,0,315,Office Service,03,Office Facilities
18886,10002211330,01,EDUCATION SCHOOL OF,1000221,ED SCHL,00,School of Education,SCHOOL_EDUCATION,School of Education,PRVST_EXC_VP_ACA_AFF,Provost & Exec VP Academic Aff,405000,2016-08-22T04:00:02,2016,,N,1330,2035436,1286.0,40,650,Lounge,06,General Use Facilities
18887,10002211330E,01,EDUCATION SCHOOL OF,1000221,ED SCHL,00,Institutional Org,INST_ORG,Institutional Departments,INSTITUTIONAL ORG,Institutional Departments,000500,2016-08-22T04:00:02,2016,,N,1330E,2035438,56.0,0,030,Mechanical Area,98,Non-Assignable Area
18888,10002211331T,01,EDUCATION SCHOOL OF,1000221,ED SCHL,00,Institutional Org,INST_ORG,Institutional Departments,INSTITUTIONAL ORG,Institutional Departments,000500,2016-08-22T04:00:02,2016,,N,1331T,2035439,139.0,0,040,Public Restrooms,98,Non-Assignable Area
18889,10002211350,01,EDUCATION SCHOOL OF,1000221,ED SCHL,00,School of Education,SCHOOL_EDUCATION,School of Education,PRVST_EXC_VP_ACA_AFF,Provost & Exec VP Academic Aff,405000,2016-08-22T04:00:02,2016,,N,1350,2035440,217.0,10,350,Conference Room,03,Office Facilities
18890,10002211350A,01,EDUCATION SCHOOL OF,1000221,ED SCHL,00,School of Education,SCHOOL_EDUCATION,School of Education,PRVST_EXC_VP_ACA_AFF,Provost & Exec VP Academic Aff,405000,2016-08-22T04:00:02,2016,,N,1350A,2035441,30.0,0,315,Office Service,03,Office Facilities
18891,10002211350B,01,EDUCATION SCHOOL OF,1000221,ED SCHL,00,School of Education,SCHOOL_EDUCATION,School of Education,PRVST_EXC_VP_ACA_AFF,Provost & Exec VP Academic Aff,405000,2016-08-22T04:00:02,2016,,N,1350B,2035442,14.0,0,315,Office Service,03,Office Facilities
18892,10002211360,01,EDUCATION SCHOOL OF,1000221,ED SCHL,00,School of Education,SCHOOL_EDUCATION,School of Education,PRVST_EXC_VP_ACA_AFF,Provost & Exec VP Academic Aff,405000,2016-08-22T04:00:02,2016,,N,1360,2035443,609.0,1,315,Office Service,03,Office Facilities
18893,10002211360B,01,EDUCATION SCHOOL OF,1000221,ED SCHL,00,School of Education,SCHOOL_EDUCATION,School of Education,PRVST_EXC_VP_ACA_AFF,Provost & Exec VP Academic Aff,405000,2016-08-22T04:00:02,2016,,N,1360B,2035444,202.0,2,310,Office,03,Office Facilities
18894,10002211360C,01,EDUCATION SCHOOL OF,1000221,ED SCHL,00,School of Education,SCHOOL_EDUCATION,School of Education,PRVST_EXC_VP_ACA_AFF,Provost & Exec VP Academic Aff,405000,2016-08-22T04:00:02,2016,,N,1360C,2035445,123.0,1,310,Office,03,Office Facilities
18895,10002211360D,01,EDUCATION SCHOOL OF,1000221,ED SCHL,00,School of Education,SCHOOL_EDUCATION,School of Education,PRVST_EXC_VP_ACA_AFF,Provost & Exec VP Academic Aff,405000,2016-08-22T04:00:02,2016,,N,1360D,2035446,123.0,1,310,Office,03,Office Facilities
18896,10002211360E,01,EDUCATION SCHOOL OF,1000221,ED SCHL,00,School of Education,SCHOOL_EDUCATION,School of Education,PRVST_EXC_VP_ACA_AFF,Provost & Exec VP Academic Aff,405000,2016-08-22T04:00:02,2016,,N,1360E,2035447,125.0,1,310,Office,03,Office Facilities
18897,10002211360F,01,EDUCATION SCHOOL OF,1000221,ED SCHL,00,School of Education,SCHOOL_EDUCATION,School of Education,PRVST_EXC_VP_ACA_AFF,Provost & Exec VP Academic Aff,405000,2016-08-22T04:00:02,2016,,N,1360F,2035448,168.0,1,310,Office,03,Office Facilities
18898,10002211360G,01,EDUCATION SCHOOL OF,1000221,ED SCHL,00,School of Education,SCHOOL_EDUCATION,School of Education,PRVST_EXC_VP_ACA_AFF,Provost & Exec VP Academic Aff,405000,2016-08-22T04:00:02,2016,,N,1360G,2035449,117.0,1,310,Office,03,Office Facilities
18899,10002211360H,01,EDUCATION SCHOOL OF,1000221,ED SCHL,00,School of Education,SCHOOL_EDUCATION,School of Education,PRVST_EXC_VP_ACA_AFF,Provost & Exec VP Academic Aff,405000,2016-08-22T04:00:02,2016,,N,1360H,2035450,10.0,0,315,Office Service,03,Office Facilities
18900,10002211367T,01,EDUCATION SCHOOL OF,1000221,ED SCHL,00,Institutional Org,INST_ORG,Institutional Departments,INSTITUTIONAL ORG,Institutional Departments,000500,2016-08-22T04:00:02,2016,,N,1367T,2035451,127.0,0,040,Public Restrooms,98,Non-Assignable Area
18901,10002211400,01,EDUCATION SCHOOL OF,1000221,ED SCHL,00,School of Education,SCHOOL_EDUCATION,School of Education,PRVST_EXC_VP_ACA_AFF,Provost & Exec VP Academic Aff,405000,2016-08-22T04:00:02,2016,,N,1400,2035452,1546.0,7,310,Office,03,Office Facilities
18902,10002211400A,01,EDUCATION SCHOOL OF,1000221,ED SCHL,00,School of Education,SCHOOL_EDUCATION,School of Education,PRVST_EXC_VP_ACA_AFF,Provost & Exec VP Academic Aff,405000,2016-08-22T04:00:02,2016,,N,1400A,2035453,136.0,2,310,Office,03,Office Facilities
18903,10002211400B,01,EDUCATION SCHOOL OF,1000221,ED SCHL,00,School of Education,SCHOOL_EDUCATION,School of Education,PRVST_EXC_VP_ACA_AFF,Provost & Exec VP Academic Aff,405000,2016-08-22T04:00:02,2016,,N,1400B,2035454,128.0,2,310,Office,03,Office Facilities
18904,10002211400C,01,EDUCATION SCHOOL OF,1000221,ED SCHL,00,School of Education,SCHOOL_EDUCATION,School of Education,PRVST_EXC_VP_ACA_AFF,Provost & Exec VP Academic Aff,405000,2016-08-22T04:00:02,2016,,N,1400C,2035455,128.0,3,310,Office,03,Office Facilities
18905,10002211400D,01,EDUCATION SCHOOL OF,1000221,ED SCHL,00,School of Education,SCHOOL_EDUCATION,School of Education,PRVST_EXC_VP_ACA_AFF,Provost & Exec VP Academic Aff,405000,2016-08-22T04:00:02,2016,,N,1400D,2035456,128.0,1,310,Office,03,Office Facilities
18906,10002211400E,01,EDUCATION SCHOOL OF,1000221,ED SCHL,00,School of Education,SCHOOL_EDUCATION,School of Education,PRVST_EXC_VP_ACA_AFF,Provost & Exec VP Academic Aff,405000,2016-08-22T04:00:02,2016,,N,1400E,2035457,152.0,3,310,Office,03,Office Facilities
18907,10002211400F,01,EDUCATION SCHOOL OF,1000221,ED SCHL,00,School of Education,SCHOOL_EDUCATION,School of Education,PRVST_EXC_VP_ACA_AFF,Provost & Exec VP Academic Aff,405000,2016-08-22T04:00:02,2016,,N,1400F,2035458,152.0,3,310,Office,03,Office Facilities
18908,10002211400G,01,EDUCATION SCHOOL OF,1000221,ED SCHL,00,School of Education,SCHOOL_EDUCATION,School of Education,PRVST_EXC_VP_ACA_AFF,Provost & Exec VP Academic Aff,405000,2016-08-22T04:00:02,2016,,N,1400G,2035459,150.0,3,310,Office,03,Office Facilities
18909,10002211400H,01,EDUCATION SCHOOL OF,1000221,ED SCHL,00,School of Education,SCHOOL_EDUCATION,School of Education,PRVST_EXC_VP_ACA_AFF,Provost & Exec VP Academic Aff,405000,2016-08-22T04:00:02,2016,,N,1400H,2035460,150.0,2,310,Office,03,Office Facilities
18910,10002211400J,01,EDUCATION SCHOOL OF,1000221,ED SCHL,00,School of Education,SCHOOL_EDUCATION,School of Education,PRVST_EXC_VP_ACA_AFF,Provost & Exec VP Academic Aff,405000,2016-08-22T04:00:02,2016,,N,1400J,2035461,146.0,3,310,Office,03,Office Facilities
18911,10002211400K,01,EDUCATION SCHOOL OF,1000221,ED SCHL,00,Institutional Org,INST_ORG,Institutional Departments,INSTITUTIONAL ORG,Institutional Departments,000500,2016-08-22T04:00:02,2016,,N,1400K,2035462,19.0,0,030,Mechanical Area,98,Non-Assignable Area
18912,10002211402J,01,EDUCATION SCHOOL OF,1000221,ED SCHL,00,Institutional Org,INST_ORG,Institutional Departments,INSTITUTIONAL ORG,Institutional Departments,000500,2016-08-22T04:00:02,2016,,N,1402J,2035463,22.0,0,010,Custodial Area,98,Non-Assignable Area
18913,10002211404,01,EDUCATION SCHOOL OF,1000221,ED SCHL,00,School of Education,SCHOOL_EDUCATION,School of Education,PRVST_EXC_VP_ACA_AFF,Provost & Exec VP Academic Aff,405000,2016-08-22T04:00:02,2016,,N,1404,2035464,162.0,1,310,Office,03,Office Facilities
18914,10002211405,01,EDUCATION SCHOOL OF,1000221,ED SCHL,00,School of Education,SCHOOL_EDUCATION,School of Education,PRVST_EXC_VP_ACA_AFF,Provost & Exec VP Academic Aff,405000,2016-08-22T04:00:02,2016,,N,1405,2035465,53.0,0,315,Office Service,03,Office Facilities
18915,10002211406,01,EDUCATION SCHOOL OF,1000221,ED SCHL,00,School of Education,SCHOOL_EDUCATION,School of Education,PRVST_EXC_VP_ACA_AFF,Provost & Exec VP Academic Aff,405000,2016-08-22T04:00:02,2016,,N,1406,2035466,156.0,1,310,Office,03,Office Facilities
18916,10002211406A,01,EDUCATION SCHOOL OF,1000221,ED SCHL,00,School of Education,SCHOOL_EDUCATION,School of Education,PRVST_EXC_VP_ACA_AFF,Provost & Exec VP Academic Aff,405000,2016-08-22T04:00:02,2016,,N,1406A,2035467,8.0,0,315,Office Service,03,Office Facilities
18917,10002211413,01,EDUCATION SCHOOL OF,1000221,ED SCHL,00,School of Education,SCHOOL_EDUCATION,School of Education,PRVST_EXC_VP_ACA_AFF,Provost & Exec VP Academic Aff,405000,2016-08-22T04:00:02,2016,,N,1413,2035468,637.0,2,310,Office,03,Office Facilities
18918,10002211414T,01,EDUCATION SCHOOL OF,1000221,ED SCHL,00,Institutional Org,INST_ORG,Institutional Departments,INSTITUTIONAL ORG,Institutional Departments,000500,2016-08-22T04:00:02,2016,,N,1414T,2035469,33.0,0,040,Public Restrooms,98,Non-Assignable Area
18919,10002211416,01,EDUCATION SCHOOL OF,1000221,ED SCHL,00,School of Education,SCHOOL_EDUCATION,School of Education,PRVST_EXC_VP_ACA_AFF,Provost & Exec VP Academic Aff,405000,2016-08-22T04:00:02,2016,,N,1416,2035470,151.0,1,310,Office,03,Office Facilities
18920,10002211416A,01,EDUCATION SCHOOL OF,1000221,ED SCHL,00,School of Education,SCHOOL_EDUCATION,School of Education,PRVST_EXC_VP_ACA_AFF,Provost & Exec VP Academic Aff,405000,2016-08-22T04:00:02,2016,,N,1416A,2035471,8.0,0,315,Office Service,03,Office Facilities
18921,10002211418,01,EDUCATION SCHOOL OF,1000221,ED SCHL,00,School of Education,SCHOOL_EDUCATION,School of Education,PRVST_EXC_VP_ACA_AFF,Provost & Exec VP Academic Aff,405000,2016-08-22T04:00:02,2016,,N,1418,2035472,247.0,1,310,Office,03,Office Facilities
18922,10002211418A,01,EDUCATION SCHOOL OF,1000221,ED SCHL,00,School of Education,SCHOOL_EDUCATION,School of Education,PRVST_EXC_VP_ACA_AFF,Provost & Exec VP Academic Aff,405000,2016-08-22T04:00:02,2016,,N,1418A,2035473,55.0,0,315,Office Service,03,Office Facilities
39965,10002211200E,01,EDUCATION SCHOOL OF,1000221,ED SCHL,00,Institutional Org,INST_ORG,Institutional Departments,INSTITUTIONAL ORG,Institutional Departments,000500,2016-08-22T04:00:02,2016,,N,1200E,2081420,534.0,0,030,Mechanical Area,98,Non-Assignable Area
39966,10002211202A,01,EDUCATION SCHOOL OF,1000221,ED SCHL,00,School of Education,SCHOOL_EDUCATION,School of Education,PRVST_EXC_VP_ACA_AFF,Provost & Exec VP Academic Aff,405000,2016-08-22T04:00:02,2016,,N,1202A,2081421,62.0,0,115,Classroom Service,01,Classroom Facilities
39967,10002211204,01,EDUCATION SCHOOL OF,1000221,ED SCHL,00,Institutional Org,INST_ORG,Institutional Departments,INSTITUTIONAL ORG,Institutional Departments,000500,2016-08-22T04:00:02,2016,,N,1204,2081422,94.0,0,030,Mechanical Area,98,Non-Assignable Area
40078,10002211309,01,EDUCATION SCHOOL OF,1000221,ED SCHL,00,School of Education,SCHOOL_EDUCATION,School of Education,PRVST_EXC_VP_ACA_AFF,Provost & Exec VP Academic Aff,405000,2016-08-22T04:00:02,2016,,N,1309,2081588,775.0,40,680,Meeting Room,06,General Use Facilities
40079,10002211315,01,EDUCATION SCHOOL OF,1000221,ED SCHL,00,School of Education,SCHOOL_EDUCATION,School of Education,PRVST_EXC_VP_ACA_AFF,Provost & Exec VP Academic Aff,405000,2016-08-22T04:00:02,2016,,N,1315,2081589,902.0,40,680,Meeting Room,06,General Use Facilities
40080,10002211315A,01,EDUCATION SCHOOL OF,1000221,ED SCHL,00,School of Education,SCHOOL_EDUCATION,School of Education,PRVST_EXC_VP_ACA_AFF,Provost & Exec VP Academic Aff,405000,2016-08-22T04:00:02,2016,,N,1315A,2081590,38.0,0,685,Meeting Room Service,06,General Use Facilities
40081,10002211315B,01,EDUCATION SCHOOL OF,1000221,ED SCHL,00,School of Education,SCHOOL_EDUCATION,School of Education,PRVST_EXC_VP_ACA_AFF,Provost & Exec VP Academic Aff,405000,2016-08-22T04:00:02,2016,,N,1315B,2081591,38.0,0,685,Meeting Room Service,06,General Use Facilities
40082,10002211319,01,EDUCATION SCHOOL OF,1000221,ED SCHL,00,School of Education,SCHOOL_EDUCATION,School of Education,PRVST_EXC_VP_ACA_AFF,Provost & Exec VP Academic Aff,405000,2016-08-22T04:00:02,2016,,N,1319,2081592,74.0,0,315,Office Service,03,Office Facilities
40083,10002211C30,01,EDUCATION SCHOOL OF,1000221,ED SCHL,00,Institutional Org,INST_ORG,Institutional Departments,INSTITUTIONAL ORG,Institutional Departments,000500,2016-08-22T04:00:02,2016,,N,1C30,2081593,117.0,0,020,Circulation Area,98,Non-Assignable Area
40100,10002211229,01,EDUCATION SCHOOL OF,1000221,ED SCHL,00,School of Education,SCHOOL_EDUCATION,School of Education,PRVST_EXC_VP_ACA_AFF,Provost & Exec VP Academic Aff,405000,2016-08-22T04:00:02,2016,,N,1229,2081634,111.0,0,315,Office Service,03,Office Facilities
40101,10002211309A,01,EDUCATION SCHOOL OF,1000221,ED SCHL,00,School of Education,SCHOOL_EDUCATION,School of Education,PRVST_EXC_VP_ACA_AFF,Provost & Exec VP Academic Aff,405000,2016-08-22T04:00:02,2016,,N,1309A,2081635,18.0,0,685,Meeting Room Service,06,General Use Facilities
42956,10002211225A,01,EDUCATION SCHOOL OF,1000221,ED SCHL,00,School of Education,SCHOOL_EDUCATION,School of Education,PRVST_EXC_VP_ACA_AFF,Provost & Exec VP Academic Aff,405000,2016-08-22T04:00:02,2016,,N,1225A,2088015,217.0,1,310,Office,03,Office Facilities
61539,10002211205M,01,EDUCATION SCHOOL OF,1000221,ED SCHL,00,Institutional Org,INST_ORG,Institutional Departments,INSTITUTIONAL ORG,Institutional Departments,000500,2016-08-22T04:00:02,2016,,N,1205M,2110372,107.0,0,030,Mechanical Area,98,Non-Assignable Area
62771,10002211004,01,EDUCATION SCHOOL OF,1000221,ED SCHL,00,Institutional Org,INST_ORG,Institutional Departments,INSTITUTIONAL ORG,Institutional Departments,000500,2016-08-22T04:00:02,2016,,N,1004,2111866,31.0,0,040,Public Restrooms,98,Non-Assignable Area
62772,10002211414,01,EDUCATION SCHOOL OF,1000221,ED SCHL,00,Institutional Org,INST_ORG,Institutional Departments,INSTITUTIONAL ORG,Institutional Departments,000500,2016-08-22T04:00:02,2016,,N,1414,2111868,21.0,0,040,Public Restrooms,98,Non-Assignable Area
62781,10002211211DC1,01,EDUCATION SCHOOL OF,1000221,ED SCHL,00,School of Education,SCHOOL_EDUCATION,School of Education,PRVST_EXC_VP_ACA_AFF,Provost & Exec VP Academic Aff,405000,2016-08-22T04:00:02,2016,,N,1211DC1,2111877,2.0,0,355,Conference Room Service,03,Office Facilities
62782,10002211227B,01,EDUCATION SCHOOL OF,1000221,ED SCHL,00,School of Education,SCHOOL_EDUCATION,School of Education,PRVST_EXC_VP_ACA_AFF,Provost & Exec VP Academic Aff,405000,2016-08-22T04:00:02,2016,,N,1227B,2111878,16.0,0,315,Office Service,03,Office Facilities
62783,10002211322DC1,01,EDUCATION SCHOOL OF,1000221,ED SCHL,00,School of Education,SCHOOL_EDUCATION,School of Education,PRVST_EXC_VP_ACA_AFF,Provost & Exec VP Academic Aff,405000,2016-08-22T04:00:02,2016,,N,1322DC1,2111879,3.0,0,685,Meeting Room Service,06,General Use Facilities
62785,10002211C31DC1,01,EDUCATION SCHOOL OF,1000221,ED SCHL,00,School of Education,SCHOOL_EDUCATION,School of Education,PRVST_EXC_VP_ACA_AFF,Provost & Exec VP Academic Aff,405000,2016-08-22T04:00:02,2016,,N,1C31DC1,2111881,1.0,0,315,Office Service,03,Office Facilities
62786,10002211C31DC4,01,EDUCATION SCHOOL OF,1000221,ED SCHL,00,School of Education,SCHOOL_EDUCATION,School of Education,PRVST_EXC_VP_ACA_AFF,Provost & Exec VP Academic Aff,405000,2016-08-22T04:00:02,2016,,N,1C31DC4,2111882,1.0,0,315,Office Service,03,Office Facilities
62787,10002211S06,01,EDUCATION SCHOOL OF,1000221,ED SCHL,00,Institutional Org,INST_ORG,Institutional Departments,INSTITUTIONAL ORG,Institutional Departments,000500,2016-08-22T04:00:02,2016,,N,1S06,2111883,26.0,0,020,Circulation Area,98,Non-Assignable Area
62789,10002211S37,01,EDUCATION SCHOOL OF,1000221,ED SCHL,00,Institutional Org,INST_ORG,Institutional Departments,INSTITUTIONAL ORG,Institutional Departments,000500,2016-08-22T04:00:02,2016,,N,1S37,2111885,47.0,0,020,Circulation Area,98,Non-Assignable Area
62792,10002211V30,01,EDUCATION SCHOOL OF,1000221,ED SCHL,00,Institutional Org,INST_ORG,Institutional Departments,INSTITUTIONAL ORG,Institutional Departments,000500,2016-08-22T04:00:02,2016,,N,1V30,2111888,75.0,0,030,Mechanical Area,98,Non-Assignable Area
62795,10002211V37,01,EDUCATION SCHOOL OF,1000221,ED SCHL,00,Institutional Org,INST_ORG,Institutional Departments,INSTITUTIONAL ORG,Institutional Departments,000500,2016-08-22T04:00:02,2016,,N,1V37,2111891,80.0,0,030,Mechanical Area,98,Non-Assignable Area
90208,10002211005A,01,EDUCATION SCHOOL OF,1000221,ED SCHL,00,School of Education,SCHOOL_EDUCATION,School of Education,PRVST_EXC_VP_ACA_AFF,Provost & Exec VP Academic Aff,405000,2016-08-22T04:00:02,2016,,N,1005A,2146660,74.0,0,315,Office Service,03,Office Facilities
90209,10002211005B,01,EDUCATION SCHOOL OF,1000221,ED SCHL,00,School of Education,SCHOOL_EDUCATION,School of Education,PRVST_EXC_VP_ACA_AFF,Provost & Exec VP Academic Aff,405000,2016-08-22T04:00:02,2016,,N,1005B,2146661,110.0,1,310,Office,03,Office Facilities
90210,10002211005C,01,EDUCATION SCHOOL OF,1000221,ED SCHL,00,School of Education,SCHOOL_EDUCATION,School of Education,PRVST_EXC_VP_ACA_AFF,Provost & Exec VP Academic Aff,405000,2016-08-22T04:00:02,2016,,N,1005C,2146662,110.0,1,310,Office,03,Office Facilities
90211,10002211005D,01,EDUCATION SCHOOL OF,1000221,ED SCHL,00,School of Education,SCHOOL_EDUCATION,School of Education,PRVST_EXC_VP_ACA_AFF,Provost & Exec VP Academic Aff,405000,2016-08-22T04:00:02,2016,,N,1005D,2146663,140.0,3,310,Office,03,Office Facilities
90212,10002211005E,01,EDUCATION SCHOOL OF,1000221,ED SCHL,00,School of Education,SCHOOL_EDUCATION,School of Education,PRVST_EXC_VP_ACA_AFF,Provost & Exec VP Academic Aff,405000,2016-08-22T04:00:02,2016,,N,1005E,2146664,140.0,3,310,Office,03,Office Facilities
90213,10002211005F,01,EDUCATION SCHOOL OF,1000221,ED SCHL,00,School of Education,SCHOOL_EDUCATION,School of Education,PRVST_EXC_VP_ACA_AFF,Provost & Exec VP Academic Aff,405000,2016-08-22T04:00:02,2016,,N,1005F,2146665,110.0,1,310,Office,03,Office Facilities
90214,10002211005G,01,EDUCATION SCHOOL OF,1000221,ED SCHL,00,School of Education,SCHOOL_EDUCATION,School of Education,PRVST_EXC_VP_ACA_AFF,Provost & Exec VP Academic Aff,405000,2016-08-22T04:00:02,2016,,N,1005G,2146666,248.0,10,350,Conference Room,03,Office Facilities
90215,10002211005H,01,EDUCATION SCHOOL OF,1000221,ED SCHL,00,School of Education,SCHOOL_EDUCATION,School of Education,PRVST_EXC_VP_ACA_AFF,Provost & Exec VP Academic Aff,405000,2016-08-22T04:00:02,2016,,N,1005H,2146667,123.0,1,310,Office,03,Office Facilities
90216,10002211005I,01,EDUCATION SCHOOL OF,1000221,ED SCHL,00,School of Education,SCHOOL_EDUCATION,School of Education,PRVST_EXC_VP_ACA_AFF,Provost & Exec VP Academic Aff,405000,2016-08-22T04:00:02,2016,,N,1005I,2146668,115.0,1,310,Office,03,Office Facilities
91554,10002211E05,01,EDUCATION SCHOOL OF,1000221,ED SCHL,00,Institutional Org,INST_ORG,Institutional Departments,INSTITUTIONAL ORG,Institutional Departments,000500,2016-08-22T04:00:02,2016,,N,1E05,2148149,17.0,0,020,Circulation Area,98,Non-Assignable Area
106594,10002211228A,01,EDUCATION SCHOOL OF,1000221,ED SCHL,00,School of Education,SCHOOL_EDUCATION,School of Education,PRVST_EXC_VP_ACA_AFF,Provost & Exec VP Academic Aff,405000,2016-08-22T04:00:02,2016,,N,1228A,2165751,116.0,1,315,Office Service,03,Office Facilities
106595,10002211228B,01,EDUCATION SCHOOL OF,1000221,ED SCHL,00,School of Education,SCHOOL_EDUCATION,School of Education,PRVST_EXC_VP_ACA_AFF,Provost & Exec VP Academic Aff,405000,2016-08-22T04:00:02,2016,,N,1228B,2165752,96.0,1,315,Office Service,03,Office Facilities
106596,10002211228C,01,EDUCATION SCHOOL OF,1000221,ED SCHL,00,School of Education,SCHOOL_EDUCATION,School of Education,PRVST_EXC_VP_ACA_AFF,Provost & Exec VP Academic Aff,405000,2016-08-22T04:00:02,2016,,N,1228C,2165753,88.0,1,310,Office,03,Office Facilities
106597,10002211228M,01,EDUCATION SCHOOL OF,1000221,ED SCHL,00,School of Education,SCHOOL_EDUCATION,School of Education,PRVST_EXC_VP_ACA_AFF,Provost & Exec VP Academic Aff,405000,2016-08-22T04:00:02,2016,,N,1228M,2165754,90.0,1,310,Office,03,Office Facilities
106598,10002211228S,01,EDUCATION SCHOOL OF,1000221,ED SCHL,00,School of Education,SCHOOL_EDUCATION,School of Education,PRVST_EXC_VP_ACA_AFF,Provost & Exec VP Academic Aff,405000,2016-08-22T04:00:02,2016,,N,1228S,2165755,100.0,1,310,Office,03,Office Facilities
106599,10002211228T,01,EDUCATION SCHOOL OF,1000221,ED SCHL,00,School of Education,SCHOOL_EDUCATION,School of Education,PRVST_EXC_VP_ACA_AFF,Provost & Exec VP Academic Aff,405000,2016-08-22T04:00:02,2016,,N,1228T,2165756,98.0,1,310,Office,03,Office Facilities
106600,10002211228V,01,EDUCATION SCHOOL OF,1000221,ED SCHL,00,School of Education,SCHOOL_EDUCATION,School of Education,PRVST_EXC_VP_ACA_AFF,Provost & Exec VP Academic Aff,405000,2016-08-22T04:00:02,2016,,N,1228V,2165757,23.0,0,315,Office Service,03,Office Facilities
106601,10002211228W,01,EDUCATION SCHOOL OF,1000221,ED SCHL,00,School of Education,SCHOOL_EDUCATION,School of Education,PRVST_EXC_VP_ACA_AFF,Provost & Exec VP Academic Aff,405000,2016-08-22T04:00:02,2016,,N,1228W,2165758,148.0,1,310,Office,03,Office Facilities
106602,10002211228X,01,EDUCATION SCHOOL OF,1000221,ED SCHL,00,School of Education,SCHOOL_EDUCATION,School of Education,PRVST_EXC_VP_ACA_AFF,Provost & Exec VP Academic Aff,405000,2016-08-22T04:00:02,2016,,N,1228X,2165759,303.0,12,350,Conference Room,03,Office Facilities
106603,10002211228Y,01,EDUCATION SCHOOL OF,1000221,ED SCHL,00,School of Education,SCHOOL_EDUCATION,School of Education,PRVST_EXC_VP_ACA_AFF,Provost & Exec VP Academic Aff,405000,2016-08-22T04:00:02,2016,,N,1228Y,2165760,109.0,1,310,Office,03,Office Facilities
106608,10002211228F,01,EDUCATION SCHOOL OF,1000221,ED SCHL,00,School of Education,SCHOOL_EDUCATION,School of Education,PRVST_EXC_VP_ACA_AFF,Provost & Exec VP Academic Aff,405000,2016-08-22T04:00:02,2016,,N,1228F,2165765,86.0,1,310,Office,03,Office Facilities
106609,10002211228U,01,EDUCATION SCHOOL OF,1000221,ED SCHL,00,School of Education,SCHOOL_EDUCATION,School of Education,PRVST_EXC_VP_ACA_AFF,Provost & Exec VP Academic Aff,405000,2016-08-22T04:00:02,2016,,N,1228U,2165766,106.0,4,310,Office,03,Office Facilities
106611,10002211228D,01,EDUCATION SCHOOL OF,1000221,ED SCHL,00,School of Education,SCHOOL_EDUCATION,School of Education,PRVST_EXC_VP_ACA_AFF,Provost & Exec VP Academic Aff,405000,2016-08-22T04:00:02,2016,,N,1228D,2165768,92.0,0,315,Office Service,03,Office Facilities
106612,10002211228E,01,EDUCATION SCHOOL OF,1000221,ED SCHL,00,School of Education,SCHOOL_EDUCATION,School of Education,PRVST_EXC_VP_ACA_AFF,Provost & Exec VP Academic Aff,405000,2016-08-22T04:00:02,2016,,N,1228E,2165769,128.0,1,315,Office Service,03,Office Facilities
